1;27.2;;;1;903.9323;;1;27.2;;;1;893.2976;;1;27.2;;;1;1007.13214;;1;27.2;;;1;963.3132;;1;27.2;;;1;1176.6096;;1;27.2;27.009;0.191;1;1253.1777;;1;27.2;27.9107;0.7107;-0.7107;1;1018.42944
2;44.9;;;2;1027.4176;;2;44.9;;;2;862.59393;;2;44.9;;;2;987.6199;;2;44.9;;;2;963.3132;;2;44.9;;;2;709.2403;;2;44.9;43.6255;1.2745;2;1064.5444;;2;44.9;44.8;0.1;0.1;2;701.5175
3;59.3;;;3;590.27075;;3;59.3;;;3;690.56085;;3;59.3;;;3;659.78107;;3;59.3;;;3;794.3926;;3;59.3;;;3;668.9667;;3;59.3;54.4958;4.8042;3;697.84155;;3;59.3;58.5761;0.7239;0.7239;3;682.9732
4;68.7;;;4;592.98676;;4;68.7;;;4;653.47504;;4;68.7;;;4;652.92267;;4;68.7;;;4;617.6182;;4;68.7;;;4;572.40265;;4;68.7;62.2869;6.4131;4;664.81696;;4;68.7;67.5824;1.1176;1.1176;4;657.0902
5;80.1;;;5;592.98676;;5;80.1;;;5;589.5633;;5;80.1;;;5;595.1755;;5;80.1;;;5;617.6182;;5;80.1;;;5;601.4281;;5;80.1;74.1025;5.9975;5;609.41144;;5;80.1;79.7914;0.3086;0.3086;5;622.04254
6;87.2;;;6;551.5027;;6;87.2;;;6;551.9268;;6;87.2;;;6;594.6667;;6;87.2;;;6;555.57556;;6;87.2;;;6;559.2538;;6;87.2;87.5108;-0.3108;6;588.55865;;6;87.2;90.6608;3.4608;-3.4608;6;550.2767
7;94.2;;;7;547.021;;7;94.2;;;7;541.0497;;7;94.2;;;7;527.129;;7;94.2;;;7;521.13025;;7;94.2;;;7;590.3032;;7;94.2;101.617;-7.417;7;585.78564;;7;94.2;93.8056;0.3944;0.3944;7;550.2767
8;27.2;;;8;536.9553;;8;27.2;;;8;514.60516;;8;27.2;;;8;509.6507;;8;27.2;;;8;487.16373;;8;27.2;;;8;506.3687;;8;27.2;27.3828;-0.1828;8;539.82623;;8;27.2;27.0345;0.1655;0.1655;8;546.05725
9;41.6;;;9;486.4245;;9;41.6;;;9;514.1863;;9;41.6;;;9;490.63022;;9;41.6;;;9;413.74722;;9;41.6;;;9;515.1094;;9;41.6;39.6745;1.9255;9;536.19403;;9;41.6;41.4014;0.1986;0.1986;9;522.65137
10;56.4;;;10;499.3422;;10;56.4;;;10;498.33047;;10;56.4;;;10;488.1533;;10;56.4;;;10;406.43735;;10;56.4;;;10;515.1094;;10;56.4;49.4873;6.9127;10;515.18567;;10;56.4;53.6598;2.7402;2.7402;10;462.3312
11;64.7;;;11;446.003;;11;64.7;;;11;498.33047;;11;64.7;;;11;488.1533;;11;64.7;;;11;380.8176;;11;64.7;;;11;492.92908;;11;64.7;56.5525;8.1475;11;504.60513;;11;64.7;61.8892;2.8108;2.8108;11;438.8108
12;74;;;12;445.70038;;12;74;;;12;473.06;;12;74;;;12;487.66534;;12;74;;;12;371.35965;;12;74;;;12;492.92908;;12;74;67.3087;6.6913;12;486.6871;;12;74;73.1521;0.8479;0.8479;12;434.51526
13;81.4;;;13;435.50586;;13;81.4;;;13;461.89783;;13;81.4;;;13;467.12543;;13;81.4;;;13;321.2022;;13;81.4;;;13;469.7325;;13;81.4;79.5702;1.8298;13;477.14044;;13;81.4;83.272;1.872;-1.872;13;437.73615
14;86.2;;;14;403.96304;;14;86.2;;;14;446.00607;;14;86.2;;;14;447.8008;;14;86.2;;;14;316.02942;;14;86.2;;;14;466.9652;;14;86.2;92.5187;-6.3187;14;454.45428;;14;86.2;87.213;1.013;-1.013;14;432.15826
15;8.7;;;15;381.04056;;15;8.7;;;15;440.32468;;15;8.7;;;15;447.46634;;15;8.7;;;15;316.02942;;15;8.7;;;15;449.8428;;15;8.7;8.5617;0.1383;15;454.45428;;15;8.7;10.675;1.975;-1.975;15;429.32504
16;21.3;;;16;367.19046;;16;21.3;;;16;432.4145;;16;21.3;;;16;428.79105;;16;21.3;;;16;303.44418;;16;21.3;;;16;445.6189;;16;21.3;21.7705;-0.4705;16;437.57416;;16;21.3;23.5745;2.2745;-2.2745;16;429.32504
17;33.9;;;17;316.1463;;17;33.9;;;17;425.78714;;17;33.9;;;17;422.979;;17;33.9;;;17;295.05594;;17;33.9;;;17;438.85638;;17;33.9;34.8936;-0.9936;17;426.74387;;17;33.9;35.0475;1.1475;-1.1475;17;412.7413
18;42.9;;;18;315.8522;;18;42.9;;;18;398.78815;;18;42.9;;;18;407.65915;;18;42.9;;;18;292.18433;;18;42.9;;;18;419.72748;;18;42.9;42.6056;0.2944;18;386.08475;;18;42.9;42.9406;0.0406;-0.0406;18;404.30283
19;57.3;;;19;304.49207;;19;57.3;;;19;396.8699;;19;57.3;;;19;402.2847;;19;57.3;;;19;259.18057;;19;57.3;;;19;419.79495;;19;57.3;54.0018;3.2982;19;375.81833;;19;57.3;53.9848;3.3152;3.3152;19;404.30283
20;65.5;;;20;304.49207;;20;65.5;;;20;395.78796;;20;65.5;;;20;401.4923;;20;65.5;;;20;259.18057;;20;65.5;;;20;399.53503;;20;65.5;66.984;-1.484;20;375.81833;;20;65.5;64.3756;1.1244;1.1244;20;406.44522
21;69.2;;;21;304.29297;;21;69.2;;;21;386.05417;;21;69.2;;;21;398.1586;;21;69.2;;;21;256.84625;;21;69.2;;;21;393.14667;;21;69.2;79.6507;-10.4507;21;373.90628;;21;69.2;70.023;0.823;-0.823;21;405.17133
22;17.7;;;22;297.63544;;22;17.7;;;22;368.4359;;22;17.7;;;22;390.5554;;22;17.7;;;22;244.86583;;22;17.7;;;22;375.6644;;22;17.7;17.5318;0.1682;22;373.82037;;22;17.7;15.2736;2.4264;2.4264;22;382.7642
23;30.1;;;23;292.00745;;23;30.1;;;23;360.21082;;23;30.1;;;23;365.22278;;23;30.1;;;23;233.71594;;23;30.1;;;23;373.20657;;23;30.1;32.1853;-2.0853;23;366.54984;;23;30.1;30.3025;0.2025;-0.2025;23;369.71536
24;43.9;;;24;283.35663;;24;43.9;;;24;348.2217;;24;43.9;;;24;364.58633;;24;43.9;;;24;233.71594;;24;43.9;;;24;365.72183;;24;43.9;44.2165;-0.3165;24;354.45023;;24;43.9;43.6413;0.2587;0.2587;24;367.4204
25;52;;;25;283.8974;;25;52;;;25;315.53143;;25;52;;;25;361.23096;;25;52;;;25;232.78831;;25;52;;;25;365.72183;;25;52;51.4528;0.5472;25;354.45023;;25;52;52.6382;0.6382;-0.6382;25;362.4124
26;64.7;;;26;272.75238;;26;64.7;;;26;315.53143;;26;64.7;;;26;348.03833;;26;64.7;;;26;227.8229;;26;64.7;;;26;355.7597;;26;64.7;62.2138;2.4862;26;345.16403;;26;64.7;64.9865;0.2865;-0.2865;26;347.449
27;74.6;;;27;261.55563;;27;74.6;;;27;305.69852;;27;74.6;;;27;347.81247;;27;74.6;;;27;227.82213;;27;74.6;;;27;345.39493;;27;74.6;74.5685;0.0315;27;344.1903;;27;74.6;76.2849;1.6849;-1.6849;27;329.56458
28;82;;;28;261.55563;;28;82;;;28;305.14062;;28;82;;;28;343.05255;;28;82;;;28;226.26651;;28;82;;;28;338.3242;;28;82;87.688;-5.688;28;333.9876;;28;82;81.7698;0.2302;0.2302;28;325.7707
29;8.5;;;29;258.06216;;29;8.5;;;29;298.10092;;29;8.5;;;29;333.86417;;29;8.5;;;29;222.04442;;29;8.5;;;29;338.3242;;29;8.5;10.9546;-2.4546;29;327.7196;;29;8.5;8.7588;0.2588;-0.2588;29;322.61884
30;20.9;;;30;258.06216;;30;20.9;;;30;275.56967;;30;20.9;;;30;327.94028;;30;20.9;;;30;220.37698;;30;20.9;;;30;327.0338;;30;20.9;22.6817;-1.7817;30;327.4097;;30;20.9;22.0712;1.1712;-1.1712;30;322.61884
31;33.6;;;31;257.87628;;31;33.6;;;31;275.56967;;31;33.6;;;31;318.07733;;31;33.6;;;31;219.12733;;31;33.6;;;31;316.6361;;31;33.6;36.4217;-2.8217;31;323.6262;;31;33.6;35.2966;1.6966;-1.6966;31;319.42578
32;44.6;;;32;256.54382;;32;44.6;;;32;275.09988;;32;44.6;;;32;311.44873;;32;44.6;;;32;215.07669;;32;44.6;;;32;296.89038;;32;44.6;45.2601;-0.6601;32;309.70657;;32;44.6;44.3204;0.2796;0.2796;32;305.41302
33;56.6;;;33;248.64381;;33;56.6;;;33;266.27722;;33;56.6;;;33;311.44873;;33;56.6;;;33;213.61691;;33;56.6;;;33;293.2359;;33;56.6;56.1998;0.4002;33;293.57422;;33;56.6;56.7404;0.1404;-0.1404;33;303.86777
34;68.2;;;34;245.36894;;34;68.2;;;34;266.27722;;34;68.2;;;34;311.43903;;34;68.2;;;34;202.86707;;34;68.2;;;34;291.9419;;34;68.2;68.3092;-0.1092;34;293.56998;;34;68.2;68.3819;0.1819;-0.1819;34;302.2228
35;76;;;35;244.71478;;35;76;;;35;252.5888;;35;76;;;35;301.55402;;35;76;;;35;202.76094;;35;76;;;35;285.9574;;35;76;80.9848;-4.9848;35;292.5981;;35;76;75.6655;0.3345;0.3345;35;295.60422
36;5;;;36;239.8512;;36;5;;;36;251.9826;;36;5;;;36;299.33255;;36;5;;;36;201.15375;;36;5;;;36;281.70535;;36;5;7.1291;-2.1291;36;282.32327;;36;5;5.6789;0.6789;-0.6789;36;295.60422
37;14.9;;;37;233.1798;;37;14.9;;;37;248.49681;;37;14.9;;;37;296.79245;;37;14.9;;;37;199.19145;;37;14.9;;;37;270.95053;;37;14.9;19.352;-4.452;37;282.18817;;37;14.9;13.7399;1.1601;1.1601;37;293.5636
38;28.6;;;38;233.1798;;38;28.6;;;38;248.49681;;38;28.6;;;38;296.41647;;38;28.6;;;38;184.59767;;38;28.6;;;38;261.8692;;38;28.6;28.1922;0.4078;38;277.8664;;38;28.6;28.4808;0.1192;0.1192;38;289.13126
39;37.3;;;39;224.68042;;39;37.3;;;39;247.45166;;39;37.3;;;39;291.9283;;39;37.3;;;39;184.59767;;39;37.3;;;39;261.8692;;39;37.3;38.8407;-1.5407;39;275.5602;;39;37.3;38.2766;0.9766;-0.9766;39;288.55942
40;51.3;;;40;222.88951;;40;51.3;;;40;241.90948;;40;51.3;;;40;291.05963;;40;51.3;;;40;183.82564;;40;51.3;;;40;253.4733;;40;51.3;50.3186;0.9814;40;266.52676;;40;51.3;51.11;0.19;0.19;40;286.47473
41;63.6;;;41;221.81714;;41;63.6;;;41;240.8903;;41;63.6;;;41;288.6498;;41;63.6;;;41;183.55917;;41;63.6;;;41;253.4733;;41;63.6;61.6831;1.9169;41;266.46854;;41;63.6;62.7963;0.8037;0.8037;41;280.89307
42;72.1;;;42;220.63358;;42;72.1;;;42;236.24557;;42;72.1;;;42;284.06668;;42;72.1;;;42;175.34581;;42;72.1;;;42;249.80345;;42;72.1;73.3754;-1.2754;42;255.09355;;42;72.1;70.5264;1.5736;1.5736;42;277.70447
43;5;;;43;219.13329;;43;5;;;43;236.24557;;43;5;;;43;281.6542;;43;5;;;43;175.34581;;43;5;;;43;247.95601;;43;5;4.8286;0.1714;43;255.09355;;43;5;5.3739;0.3739;-0.3739;43;275.9378
44;14.5;;;44;217.2991;;44;14.5;;;44;231.02217;;44;14.5;;;44;278.75806;;44;14.5;;;44;175.34581;;44;14.5;;;44;247.15555;;44;14.5;18.9259;-4.4259;44;253.41432;;44;14.5;14.1519;0.3481;0.3481;44;261.01505
45;27.6;;;45;217.03096;;45;27.6;;;45;230.30418;;45;27.6;;;45;278.75772;;45;27.6;;;45;168.13446;;45;27.6;;;45;246.56924;;45;27.6;26.5014;1.0986;45;253.3953;;45;27.6;28.9948;1.3948;-1.3948;45;261.01505
46;36.4;;;46;215.02655;;46;36.4;;;46;211.9006;;46;36.4;;;46;278.18;;46;36.4;;;46;165.36067;;46;36.4;;;46;238.81976;;46;36.4;36.3493;0.0507;46;253.3953;;46;36.4;39.0228;2.6228;-2.6228;46;255.41081
47;52.3;;;47;210.97522;;47;52.3;;;47;211.9006;;47;52.3;;;47;270.53784;;47;52.3;;;47;164.93047;;47;52.3;;;47;238.81976;;47;52.3;50.2;2.1;47;250.9903;;47;52.3;52.3575;0.0575;-0.0575;47;255.41081
48;64.3;;;48;210.97522;;48;64.3;;;48;211.9006;;48;64.3;;;48;270.53668;;48;64.3;;;48;160.8027;;48;64.3;;;48;238.81976;;48;64.3;62.9523;1.3477;48;248.48346;;48;64.3;64.6313;0.3313;-0.3313;48;253.48514
49;72;;;49;209.46237;;49;72;;;49;202.07368;;49;72;;;49;269.702;;49;72;;;49;151.59467;;49;72;;;49;236.06058;;49;72;75.1065;-3.1065;49;248.48346;;49;72;73.1648;1.1648;-1.1648;49;247.29988
50;10.5;;;50;209.46237;;50;10.5;;;50;202.07368;;50;10.5;;;50;269.35974;;50;10.5;;;50;151.59467;;50;10.5;;;50;236.06058;;50;10.5;10.8181;-0.3181;50;246.09818;;50;10.5;11.1555;0.6555;-0.6555;50;251.4901
51;20.4;;;51;206.09029;;51;20.4;;;51;195.24136;;51;20.4;;;51;269.15982;;51;20.4;;;51;145.78885;;51;20.4;;;51;233.56812;;51;20.4;23.5093;-3.1093;51;243.9129;;51;20.4;23.3363;2.9363;-2.9363;51;246.38995
52;34;;;52;204.54836;;52;34;;;52;195.08862;;52;34;;;52;267.9587;;52;34;;;52;139.17671;;52;34;;;52;233.56812;;52;34;36.3849;-2.3849;52;237.86362;;52;34;36.8048;2.8048;-2.8048;52;243.81361
53;46.4;;;53;203.49767;;53;46.4;;;53;192.77197;;53;46.4;;;53;265.00348;;53;46.4;;;53;139.17671;;53;46.4;;;53;233.14616;;53;46.4;46.4272;-0.0272;53;237.86362;;53;46.4;46.6594;0.2594;-0.2594;53;234.85301
54;61.2;;;54;202.30394;;54;61.2;;;54;189.38474;;54;61.2;;;54;264.78076;;54;61.2;;;54;139.17671;;54;61.2;;;54;33.14616;;54;61.2;57.816;3.384;54;237.86362;;54;61.2;60.5498;0.6502;0.6502;54;234.60356
55;76.2;;;55;198.85565;;55;76.2;;;55;184.43893;;55;76.2;;;55;264.5039;;55;76.2;;;55;139.1767;;55;76.2;;;55;226.91924;;55;76.2;70.1758;6.0242;55;233.86786;;55;76.2;73.9051;2.2949;2.2949;55;233.98941
56;80;;;56;199.09435;;56;80;;;56;184.43893;;56;80;;;56;256.73047;;56;80;;;56;139.01678;;56;80;;;56;226.91924;;56;80;83.0193;-3.0193;56;225.12411;;56;80;83.6184;3.6184;-3.6184;56;232.21196
57;10.5;;;57;195.34087;;57;10.5;;;57;181.05237;;57;10.5;;;57;256.72638;;57;10.5;;;57;138.73526;;57;10.5;;;57;220.00998;;57;10.5;9.5726;0.9274;57;224.09363;;57;10.5;9.3122;1.1878;1.1878;57;227.23685
58;19.7;;;58;195.30316;;58;19.7;;;58;177.50137;;58;19.7;;;58;250.24991;;58;19.7;;;58;138.50679;;58;19.7;;;58;219.41545;;58;19.7;21.041;-1.341;58;222.83952;;58;19.7;19.3288;0.3712;0.3712;58;227.23685
59;32.3;;;59;194.17221;;59;32.3;;;59;177.50137;;59;32.3;;;59;250.24991;;59;32.3;;;59;134.63521;;59;32.3;;;59;219.1164;;59;32.3;32.7482;-0.4482;59;219.009;;59;32.3;32.6318;0.3318;-0.3318;59;223.67577
60;42.3;;;60;191.56554;;60;42.3;;;60;176.94052;;60;42.3;;;60;250.24991;;60;42.3;;;60;130.836;;60;42.3;;;60;217.2146;;60;42.3;42.2675;0.0325;60;216.7558;;60;42.3;42.0303;0.2697;0.2697;60;223.67577
61;57.1;;;61;190.87253;;61;57.1;;;61;172.5724;;61;57.1;;;61;250.13046;;61;57.1;;;61;129.60144;;61;57.1;;;61;217.2146;;61;57.1;52.8923;4.2077;61;216.7558;;61;57.1;55.0643;2.0357;2.0357;61;223.66104
62;70.8;;;62;186.89061;;62;70.8;;;62;172.5724;;62;70.8;;;62;248.93222;;62;70.8;;;62;123.349655;;62;70.8;;;62;215.20288;;62;70.8;64.3806;6.4194;62;216.68582;;62;70.8;67.4512;3.3488;3.3488;62;219.02373
63;76;;;63;185.68088;;63;76;;;63;171.43745;;63;76;;;63;248.5385;;63;76;;;63;123.11713;;63;76;;;63;212.41193;;63;76;76.3363;-0.3363;63;216.37404;;63;76;76.2872;0.2872;-0.2872;63;214.3301
64;9.1;;;64;185.68088;;64;9.1;;;64;168.1324;;64;9.1;;;64;241.3527;;64;9.1;;;64;122.058426;;64;9.1;;;64;210.48308;;64;9.1;9.2098;-0.1098;64;215.84085;;64;9.1;8.6753;0.4247;0.4247;64;212.8401
65;18.4;;;65;185.00711;;65;18.4;;;65;167.67842;;65;18.4;;;65;241.02962;;65;18.4;;;65;117.705635;;65;18.4;;;65;210.33707;;65;18.4;20.2981;-1.8981;65;213.10712;;65;18.4;17.9237;0.4763;0.4763;65;212.33887
66;31.7;;;66;185.00711;;66;31.7;;;66;165.39197;;66;31.7;;;66;236.45482;;66;31.7;;;66;117.44281;;66;31.7;;;66;209.98685;;66;31.7;31.7569;-0.0569;66;211.03218;;66;31.7;31.2586;0.4414;0.4414;66;208.54074
67;40.3;;;67;182.56664;;67;40.3;;;67;163.81133;;67;40.3;;;67;238.5366;;67;40.3;;;67;117.44281;;67;40.3;;;67;205.86955;;67;40.3;41.032;-0.732;67;211.03218;;67;40.3;40.5796;0.2796;-0.2796;67;208.54074
68;54.1;;;68;177.42174;;68;54.1;;;68;162.5835;;68;54.1;;;68;236.49779;;68;54.1;;;68;117.364624;;68;54.1;;;68;205.86955;;68;54.1;51.4173;2.6827;68;211.03218;;68;54.1;53.407;0.693;0.693;68;206.83112
69;67.8;;;69;182.03664;;69;67.8;;;69;162.5835;;69;67.8;;;69;234.9092;;69;67.8;;;69;116.06534;;69;67.8;;;69;203.09589;;69;67.8;62.6419;5.1581;69;211.03218;;69;67.8;65.5217;2.2783;2.2783;69;201.01169
70;74;;;70;180.07628;;70;74;;;70;160.96782;;70;74;;;70;234.9092;;70;74;;;70;116.06534;;70;74;;;70;199.31584;;70;74;74.3308;-0.3308;70;209.55244;;70;74;74.093;0.093;-0.093;70;199.91002
71;9.5;;;71;176.84296;;71;9.5;;;71;160.84827;;71;9.5;;;71;231.71344;;71;9.5;;;71;115.5712;;71;9.5;;;71;198.11853;;71;9.5;8.5595;0.9405;71;208.92061;;71;9.5;7.6912;1.8088;1.8088;71;195.24266
72;17.3;;;72;176.84296;;72;17.3;;;72;159.77402;;72;17.3;;;72;229.3275;;72;17.3;;;72;114.36059;;72;17.3;;;72;195.9599;;72;17.3;19.068;-1.768;72;205.74268;;72;17.3;16.6079;0.6921;0.6921;72;195.036
73;28.3;;;73;173.67429;;73;28.3;;;73;159.07535;;73;28.3;;;73;227.96362;;73;28.3;;;73;114.36059;;73;28.3;;;73;195.76083;;73;28.3;28.3315;-0.0315;73;205.74268;;73;28.3;29.7548;1.4548;-1.4548;73;193.23155
74;37.2;;;74;172.88501;;74;37.2;;;74;158.73782;;74;37.2;;;74;227.47087;;74;37.2;;;74;113.764046;;74;37.2;;;74;192.91031;;74;37.2;38.915;-1.715;74;204.42084;;74;37.2;38.8087;1.6087;-1.6087;74;191.82085
75;49;;;75;171.59726;;75;49;;;75;158.23138;;75;49;;;75;227.16154;;75;49;;;75;113.080635;;75;49;;;75;191.41989;;75;49;48.983;0.017;75;204.42084;;75;49;51.1898;2.1898;-2.1898;75;189.63295
76;61.7;;;76;171.59726;;76;61.7;;;76;158.23138;;76;61.7;;;76;224.94061;;76;61.7;;;76;112.88363;;76;61.7;;;76;182.51068;;76;61.7;59.787;1.913;76;204.42084;;76;61.7;62.8207;1.1207;-1.1207;76;189.63295
77;66;;;77;171.59572;;77;66;;;77;157.13235;;77;66;;;77;220.9287;;77;66;;;77;112.451614;;77;66;;;77;182.51068;;77;66;71.0425;-5.0425;77;204.00443;;77;66;70.9647;4.9647;-4.9647;77;188.89655
;;;;78;169.7554;;;;;;78;156.85078;;;;;;78;220.92929;;;;;;78;112.451614;;;;;;78;182.51068;;;;;;78;203.7493;;;;;;;78;188.03206
;;;;79;168.53186;;;;;;79;155.8723;;;;;;79;218.57817;;;;;;79;111.84333;;;;;;79;182.40257;;;;;;79;203.16966;;;;;;;79;187.43391
;;;;80;167.92497;;;;;;80;155.86337;;;;;;80;218.51689;;;;;;80;111.84333;;;;;;80;179.45258;;;;;;80;200.43214;;;;;;;80;184.52567
;;;;81;167.92497;;;;;;81;155.13358;;;;;;81;215.2046;;;;;;81;110.94687;;;;;;81;179.30446;;;;;;81;200.43214;;;;;;;81;183.03615
;;;;82;163.77078;;;;;;82;154.85307;;;;;;82;213.40796;;;;;;82;110.57942;;;;;;82;178.77396;;;;;;82;200.43214;;;;;;;82;181.89406
;;;;83;163.77078;;;;;;83;154.82109;;;;;;83;213.40784;;;;;;83;109.492546;;;;;;83;176.11043;;;;;;83;200.4099;;;;;;;83;181.62247
;;;;84;163.63342;;;;;;84;154.27463;;;;;;84;211.69121;;;;;;84;109.492546;;;;;;84;176.11043;;;;;;84;197.34656;;;;;;;84;181.27121
;;;;85;163.07693;;;;;;85;153.2289;;;;;;85;211.69121;;;;;;85;109.492546;;;;;;85;176.11043;;;;;;85;197.34656;;;;;;;85;177.95988
;;;;86;162.50288;;;;;;86;153.2289;;;;;;86;209.23192;;;;;;86;109.00577;;;;;;86;176.00272;;;;;;86;197.2847;;;;;;;86;177.04175
;;;;87;160.44838;;;;;;87;152.94966;;;;;;87;209.23192;;;;;;87;108.536736;;;;;;87;175.47945;;;;;;87;197.26947;;;;;;;87;176.32773
;;;;88;160.44838;;;;;;88;152.87663;;;;;;88;208.33377;;;;;;88;106.98089;;;;;;88;174.7681;;;;;;88;197.11275;;;;;;;88;174.25952
;;;;89;159.59096;;;;;;89;150.96866;;;;;;89;206.89204;;;;;;89;106.67448;;;;;;89;172.88895;;;;;;89;196.43304;;;;;;;89;173.60971
;;;;90;159.59096;;;;;;90;150.39487;;;;;;90;206.38867;;;;;;90;106.23594;;;;;;90;170.51974;;;;;;90;195.96808;;;;;;;90;171.02063
;;;;91;158.51973;;;;;;91;150.39487;;;;;;91;203.48051;;;;;;91;105.910286;;;;;;91;170.51974;;;;;;91;194.81282;;;;;;;91;168.26591
;;;;92;158.51973;;;;;;92;150.05313;;;;;;92;202.16084;;;;;;92;105.79487;;;;;;92;169.57431;;;;;;92;192.59782;;;;;;;92;167.70244
;;;;93;154.85843;;;;;;93;149.19086;;;;;;93;197.97641;;;;;;93;103.4733;;;;;;93;169.57431;;;;;;93;192.40909;;;;;;;93;166.7167
;;;;94;157.84564;;;;;;94;149.11795;;;;;;94;194.35469;;;;;;94;103.4733;;;;;;94;169.31499;;;;;;94;191.08989;;;;;;;94;164.85394
;;;;95;143.7671;;;;;;95;149.11795;;;;;;95;191.13559;;;;;;95;102.47696;;;;;;95;169.02277;;;;;;95;191.08989;;;;;;;95;164.85394
;;;;96;143.7671;;;;;;96;149.06369;;;;;;96;191.13559;;;;;;96;102.47696;;;;;;96;168.35883;;;;;;96;191.08989;;;;;;;96;159.67664
;;;;97;143.35976;;;;;;97;148.45825;;;;;;97;189.0626;;;;;;97;102.47696;;;;;;97;167.20697;;;;;;97;190.77803;;;;;;;97;159.67664
;;;;98;143.7671;;;;;;98;147.25693;;;;;;98;189.05457;;;;;;98;102.39566;;;;;;98;167.20659;;;;;;98;190.53731;;;;;;;98;159.67664
;;;;99;143.7671;;;;;;99;147.25693;;;;;;99;187.74442;;;;;;99;102.39566;;;;;;99;166.75;;;;;;99;190.24571;;;;;;;99;157.26855
;;;;100;143.61038;;;;;;100;147.23444;;;;;;100;182.05006;;;;;;100;102.26934;;;;;;100;164.7438;;;;;;100;189.4315;;;;;;;100;156.33458
;;;;101;143.7671;;;;;;101;147.18825;;;;;;101;176.28139;;;;;;101;101.67789;;;;;;101;164.7438;;;;;;101;189.43031;;;;;;;101;155.88704
;;;;102;143.0672;;;;;;102;146.93666;;;;;;102;176.28139;;;;;;102;101.35707;;;;;;102;164.63965;;;;;;102;189.41725;;;;;;;102;153.79932
;;;;103;142.61232;;;;;;103;144.29219;;;;;;103;175.20198;;;;;;103;101.35707;;;;;;103;163.45674;;;;;;103;189.19365;;;;;;;103;153.77664
;;;;104;142.19608;;;;;;104;141.96735;;;;;;104;174.58005;;;;;;104;101.03389;;;;;;104;163.3866;;;;;;104;188.61298;;;;;;;104;153.05824
;;;;105;141.73907;;;;;;105;141.9171;;;;;;105;173.7133;;;;;;105;100.48171;;;;;;105;162.39468;;;;;;105;188.60948;;;;;;;105;147.55606
;;;;106;141.07047;;;;;;106;141.9171;;;;;;106;172.06438;;;;;;106;99.9605;;;;;;106;162.36137;;;;;;106;188.55635;;;;;;;106;147.22017
;;;;107;141.07047;;;;;;107;138.90483;;;;;;107;168.75139;;;;;;107;99.9605;;;;;;107;160.50134;;;;;;107;188.50464;;;;;;;107;146.32623
;;;;108;140.55804;;;;;;108;138.90483;;;;;;108;168.75139;;;;;;108;99.57732;;;;;;108;160.50134;;;;;;108;187.3799;;;;;;;108;145.09496
;;;;109;140.23958;;;;;;109;137.48442;;;;;;109;168.75139;;;;;;109;99.57732;;;;;;109;159.60971;;;;;;109;187.3799;;;;;;;109;144.22957
;;;;110;137.44658;;;;;;110;137.29729;;;;;;110;168.71336;;;;;;110;99.57732;;;;;;110;158.50246;;;;;;110;187.3799;;;;;;;110;144.22957
;;;;111;137.44658;;;;;;111;137.29729;;;;;;111;166.61281;;;;;;111;99.4369;;;;;;111;158.09479;;;;;;111;;;;;;;;111;143.37938
;;;;112;137.44658;;;;;;112;130.7747;;;;;;112;165.73743;;;;;;112;99.36604;;;;;;112;158.09479;;;;;;112;;;;;;;;112;143.37938
;;;;113;137.04817;;;;;;113;127.3531;;;;;;113;164.54779;;;;;;113;99.114;;;;;;113;156.16179;;;;;;113;;;;;;;;113;143.37938
;;;;114;137.04182;;;;;;114;126.26496;;;;;;114;164.54301;;;;;;114;99.043594;;;;;;114;156.15694;;;;;;114;;;;;;;;114;143.06517
;;;;115;133.67953;;;;;;115;126.26496;;;;;;115;162.93585;;;;;;115;98.88003;;;;;;115;156.15694;;;;;;115;;;;;;;;115;143.02084
;;;;116;133.91602;;;;;;116;125.559845;;;;;;116;162.63898;;;;;;116;98.51702;;;;;;116;156.10732;;;;;;116;;;;;;;;116;140.9057
;;;;117;134.73033;;;;;;117;124.75464;;;;;;117;161.17072;;;;;;117;98.51702;;;;;;117;155.01979;;;;;;117;;;;;;;;117;140.9057
;;;;118;132.40578;;;;;;118;122.7433;;;;;;118;158.96516;;;;;;118;97.97963;;;;;;118;154.88983;;;;;;118;;;;;;;;118;140.49466
;;;;119;132.40578;;;;;;119;122.73035;;;;;;119;158.96419;;;;;;119;97.97963;;;;;;119;154.88983;;;;;;119;;;;;;;;119;138.86765
;;;;120;132.21114;;;;;;120;122.68426;;;;;;120;158.56693;;;;;;120;97.97963;;;;;;120;154.32065;;;;;;120;;;;;;;;120;138.42079
;;;;121;130.99783;;;;;;121;122.15112;;;;;;121;155.5398;;;;;;121;97.80684;;;;;;121;154.32065;;;;;;121;;;;;;;;121;138.42079
;;;;122;128.27672;;;;;;122;119.58769;;;;;;122;150.75664;;;;;;122;97.80684;;;;;;122;154.32065;;;;;;122;;;;;;;;122;137.9798
;;;;123;128.27672;;;;;;123;119.44901;;;;;;123;150.75664;;;;;;123;97.80684;;;;;;123;154.22653;;;;;;123;;;;;;;;123;135.68338
;;;;124;128.27672;;;;;;124;119.44901;;;;;;124;150.75664;;;;;;124;97.766304;;;;;;124;153.881;;;;;;124;;;;;;;;124;135.68338
;;;;125;126.598976;;;;;;125;119.230484;;;;;;125;150.62425;;;;;;125;97.766304;;;;;;125;153.77573;;;;;;125;;;;;;;;125;134.54338
;;;;126;126.598976;;;;;;126;119.08167;;;;;;126;149.06512;;;;;;126;97.700905;;;;;;126;153.5837;;;;;;126;;;;;;;;126;133.36282
;;;;127;125.86855;;;;;;127;118.67524;;;;;;127;148.93785;;;;;;127;97.48055;;;;;;127;153.14404;;;;;;127;;;;;;;;127;133.36282
;;;;128;124.81116;;;;;;128;117.99061;;;;;;128;147.52753;;;;;;128;97.48055;;;;;;128;148.2242;;;;;;128;;;;;;;;128;133.30795
;;;;129;124.81116;;;;;;129;117.99061;;;;;;129;146.89244;;;;;;129;97.40232;;;;;;129;148.2242;;;;;;129;;;;;;;;129;131.30933
;;;;130;124.24247;;;;;;130;115.27653;;;;;;130;146.69693;;;;;;130;96.6028;;;;;;130;148.2242;;;;;;130;;;;;;;;130;130.16705
;;;;131;121.932816;;;;;;131;114.78143;;;;;;131;144.85971;;;;;;131;96.6028;;;;;;131;148.1975;;;;;;131;;;;;;;;131;130.16705
;;;;132;121.932816;;;;;;132;114.78143;;;;;;132;143.92921;;;;;;132;96.6028;;;;;;132;147.7907;;;;;;132;;;;;;;;132;128.90813
;;;;133;120.74078;;;;;;133;114.78143;;;;;;133;142.39261;;;;;;133;96.25286;;;;;;133;147.7907;;;;;;133;;;;;;;;133;128.53224
;;;;134;121.083984;;;;;;134;114.77858;;;;;;134;142.39261;;;;;;134;95.75569;;;;;;134;147.7907;;;;;;134;;;;;;;;134;126.12259
;;;;135;117.20829;;;;;;135;114.6543;;;;;;135;141.51399;;;;;;135;93.79948;;;;;;135;147.27827;;;;;;135;;;;;;;;135;124.27288
;;;;136;117.20829;;;;;;136;114.2854;;;;;;136;140.53542;;;;;;136;93.79948;;;;;;136;146.80255;;;;;;136;;;;;;;;136;124.27288
;;;;137;116.158905;;;;;;137;113.28311;;;;;;137;139.47662;;;;;;137;93.01048;;;;;;137;146.80255;;;;;;137;;;;;;;;137;122.41664
;;;;138;114.08039;;;;;;138;113.24872;;;;;;138;138.56638;;;;;;138;93.01048;;;;;;138;146.65991;;;;;;138;;;;;;;;138;122.41664
;;;;139;114.08039;;;;;;139;113.10431;;;;;;139;138.09718;;;;;;139;93.01048;;;;;;139;146.47224;;;;;;139;;;;;;;;139;119.65437
;;;;140;113.902824;;;;;;140;112.54892;;;;;;140;137.79028;;;;;;140;92.83599;;;;;;140;146.32437;;;;;;140;;;;;;;;140;119.65437
;;;;141;112.363525;;;;;;141;112.35371;;;;;;141;136.2049;;;;;;141;92.75604;;;;;;141;146.11574;;;;;;141;;;;;;;;141;119.59903
;;;;142;112.363525;;;;;;142;112.35371;;;;;;142;134.98283;;;;;;142;92.75604;;;;;;142;146.09813;;;;;;142;;;;;;;;142;117.55266
;;;;143;108.5582;;;;;;143;112.007576;;;;;;143;134.31007;;;;;;143;92.75604;;;;;;143;145.10274;;;;;;143;;;;;;;;143;117.55266
;;;;144;107.3477;;;;;;144;111.79311;;;;;;144;134.31007;;;;;;144;92.02488;;;;;;144;144.63695;;;;;;144;;;;;;;;144;117.052635
;;;;145;104.45675;;;;;;145;111.29025;;;;;;145;134.15483;;;;;;145;91.83484;;;;;;145;144.63695;;;;;;145;;;;;;;;145;117.007355
;;;;146;104.435905;;;;;;146;111.26321;;;;;;146;134.15483;;;;;;146;91.83484;;;;;;146;144.63695;;;;;;146;;;;;;;;146;115.227875
;;;;147;104.435905;;;;;;147;111.25516;;;;;;147;132.68414;;;;;;147;91.77389;;;;;;147;143.66133;;;;;;147;;;;;;;;147;113.166275
;;;;148;101.554504;;;;;;148;111.00148;;;;;;148;131.63725;;;;;;148;91.27709;;;;;;148;143.66133;;;;;;148;;;;;;;;148;113.166275
;;;;149;101.554504;;;;;;149;110.33315;;;;;;149;131.2137;;;;;;149;91.02745;;;;;;149;143.66133;;;;;;149;;;;;;;;149;113.166275
;;;;150;101.21386;;;;;;150;110.33315;;;;;;150;130.57765;;;;;;150;91.02745;;;;;;150;143.66133;;;;;;150;;;;;;;;150;109.72909
;;;;151;101.21386;;;;;;151;109.7799;;;;;;151;126.7803;;;;;;151;91.02745;;;;;;151;143.66096;;;;;;151;;;;;;;;151;109.72909
;;;;152;100.72781;;;;;;152;109.75886;;;;;;152;126.7803;;;;;;152;90.97974;;;;;;152;143.47359;;;;;;152;;;;;;;;152;109.72909
;;;;153;100.62371;;;;;;153;108.604256;;;;;;153;126.7803;;;;;;153;90.60492;;;;;;153;143.16798;;;;;;153;;;;;;;;153;109.5333
;;;;154;99.504684;;;;;;154;108.604256;;;;;;154;124.547;;;;;;154;90.60492;;;;;;154;142.97585;;;;;;154;;;;;;;;154;109.5333
;;;;155;99.504684;;;;;;155;108.604256;;;;;;155;124.547;;;;;;155;90.60492;;;;;;155;142.88431;;;;;;155;;;;;;;;155;108.64123
;;;;156;99.074585;;;;;;156;108.271545;;;;;;156;123.831154;;;;;;156;90.176056;;;;;;156;142.67157;;;;;;156;;;;;;;;156;108.64123
;;;;157;97.35196;;;;;;157;108.03178;;;;;;157;123.68539;;;;;;157;90.176056;;;;;;157;142.00914;;;;;;157;;;;;;;;157;108.59653
;;;;158;97.35196;;;;;;158;108.03178;;;;;;158;123.14119;;;;;;158;89.68401;;;;;;158;140.60326;;;;;;158;;;;;;;;158;107.63231
;;;;159;97.205956;;;;;;159;108.03178;;;;;;159;123.14119;;;;;;159;89.51682;;;;;;159;140.60326;;;;;;159;;;;;;;;159;107.197296
;;;;160;97.20495;;;;;;160;;;;;;;160;121.8452;;;;;;160;89.51682;;;;;;160;140.59883;;;;;;160;;;;;;;;160;107.197296
;;;;161;97.11899;;;;;;161;;;;;;;161;121.13949;;;;;;161;88.65836;;;;;;161;140.59883;;;;;;161;;;;;;;;161;107.197296
;;;;162;96.91998;;;;;;162;;;;;;;162;120.46249;;;;;;162;88.65836;;;;;;162;140.27162;;;;;;162;;;;;;;;162;106.396095
;;;;163;96.09212;;;;;;163;;;;;;;163;120.46249;;;;;;163;88.65836;;;;;;163;140.27162;;;;;;163;;;;;;;;163;105.51158
;;;;164;94.874725;;;;;;164;;;;;;;164;118.16332;;;;;;164;88.65836;;;;;;164;139.47346;;;;;;164;;;;;;;;164;105.51158
;;;;165;94.8629;;;;;;165;;;;;;;165;118.16332;;;;;;165;88.65836;;;;;;165;139.42784;;;;;;165;;;;;;;;165;104.730156
;;;;166;94.8629;;;;;;166;;;;;;;166;118.096115;;;;;;166;88.646645;;;;;;166;139.01175;;;;;;166;;;;;;;;166;104.730156
;;;;167;94.144196;;;;;;167;;;;;;;167;118.096115;;;;;;167;88.50986;;;;;;167;139.01175;;;;;;167;;;;;;;;167;104.730156
;;;;168;94.086174;;;;;;168;;;;;;;168;117.47793;;;;;;168;88.29182;;;;;;168;138.9967;;;;;;168;;;;;;;;168;104.28487
;;;;169;93.59766;;;;;;169;;;;;;;169;115.75399;;;;;;169;88.112976;;;;;;169;138.9967;;;;;;169;;;;;;;;169;104.55598
;;;;170;93.59766;;;;;;170;;;;;;;170;115.32356;;;;;;170;87.96619;;;;;;170;138.4437;;;;;;170;;;;;;;;170;103.812454
;;;;171;93.59766;;;;;;171;;;;;;;171;114.637344;;;;;;171;87.96619;;;;;;171;136.73262;;;;;;171;;;;;;;;171;103.46504
;;;;172;93.59766;;;;;;172;;;;;;;172;113.97124;;;;;;172;87.687256;;;;;;172;136.73262;;;;;;172;;;;;;;;172;102.75278
;;;;173;93.18842;;;;;;173;;;;;;;173;113.97124;;;;;;173;87.687256;;;;;;173;136.7318;;;;;;173;;;;;;;;173;102.75278
;;;;174;92.565636;;;;;;174;;;;;;;174;113.778076;;;;;;174;87.618195;;;;;;174;136.39755;;;;;;174;;;;;;;;174;102.75278
;;;;175;92.565636;;;;;;175;;;;;;;175;113.25075;;;;;;175;87.50516;;;;;;175;135.47276;;;;;;175;;;;;;;;175;102.290855
;;;;176;91.807;;;;;;176;;;;;;;176;113.25075;;;;;;176;87.50516;;;;;;176;136.04967;;;;;;176;;;;;;;;176;101.9091
;;;;177;91.807;;;;;;177;;;;;;;177;111.26087;;;;;;177;87.37821;;;;;;177;136.04967;;;;;;177;;;;;;;;177;101.84895
;;;;178;91.807;;;;;;178;;;;;;;178;110.97658;;;;;;178;87.24339;;;;;;178;135.82265;;;;;;178;;;;;;;;178;101.81609
;;;;179;89.41962;;;;;;179;;;;;;;179;110.97658;;;;;;179;87.07976;;;;;;179;135.50095;;;;;;179;;;;;;;;179;101.429855
;;;;180;89.419624;;;;;;180;;;;;;;180;110.97658;;;;;;180;87.07976;;;;;;180;135.50095;;;;;;180;;;;;;;;180;101.37978
;;;;181;89.419624;;;;;;181;;;;;;;181;110.94752;;;;;;181;86.82291;;;;;;181;134.72047;;;;;;181;;;;;;;;181;101.3046
;;;;182;89.216866;;;;;;182;;;;;;;182;110.83238;;;;;;182;86.82291;;;;;;182;134.57764;;;;;;182;;;;;;;;182;101.00041
;;;;183;89.216866;;;;;;183;;;;;;;183;110.51687;;;;;;183;86.82291;;;;;;183;134.40578;;;;;;183;;;;;;;;183;101.00041
;;;;184;89.28374;;;;;;184;;;;;;;184;110.333496;;;;;;184;86.74661;;;;;;184;134.40578;;;;;;184;;;;;;;;184;100.29362
;;;;185;87.860825;;;;;;185;;;;;;;185;110.271904;;;;;;185;86.61284;;;;;;185;134.40578;;;;;;185;;;;;;;;185;100.034
;;;;186;87.851906;;;;;;186;;;;;;;186;109.62402;;;;;;186;86.257774;;;;;;186;134.40578;;;;;;186;;;;;;;;186;100.034
;;;;187;87.763016;;;;;;187;;;;;;;187;109.52389;;;;;;187;86.257774;;;;;;187;133.74347;;;;;;187;;;;;;;;187;98.96894
;;;;188;87.763016;;;;;;188;;;;;;;188;109.02307;;;;;;188;86.17629;;;;;;188;133.62561;;;;;;188;;;;;;;;188;98.96894
;;;;189;87.27362;;;;;;189;;;;;;;189;109.018814;;;;;;189;86.17629;;;;;;189;133.48566;;;;;;189;;;;;;;;189;96.06728
;;;;190;87.27362;;;;;;190;;;;;;;190;108.514084;;;;;;190;86.15249;;;;;;190;133.48566;;;;;;190;;;;;;;;190;96.06728
;;;;191;87.27362;;;;;;191;;;;;;;191;108.514084;;;;;;191;85.9609;;;;;;191;133.48566;;;;;;191;;;;;;;;191;96.06728
;;;;192;87.01875;;;;;;192;;;;;;;192;108.279594;;;;;;192;85.9609;;;;;;192;133.24913;;;;;;192;;;;;;;;192;96.06728
;;;;193;86.506065;;;;;;193;;;;;;;193;107.93161;;;;;;193;85.9609;;;;;;193;133.22737;;;;;;193;;;;;;;;193;95.30086
;;;;194;86.506065;;;;;;194;;;;;;;194;107.93161;;;;;;194;85.96012;;;;;;194;133.06523;;;;;;194;;;;;;;;194;93.712
;;;;195;86.506065;;;;;;195;;;;;;;195;107.17367;;;;;;195;85.81117;;;;;;195;132.71536;;;;;;195;;;;;;;;195;92.19525
;;;;196;85.97379;;;;;;196;;;;;;;196;106.108376;;;;;;196;85.55139;;;;;;196;132.4928;;;;;;196;;;;;;;;196;91.9935
;;;;197;84.2226;;;;;;197;;;;;;;197;105.981636;;;;;;197;85.42362;;;;;;197;132.4075;;;;;;197;;;;;;;;197;88.99104
;;;;198;84.2226;;;;;;198;;;;;;;198;105.89305;;;;;;198;85.42362;;;;;;198;132.26411;;;;;;198;;;;;;;;198;88.99104
;;;;199;84.2226;;;;;;199;;;;;;;199;105.452286;;;;;;199;85.42362;;;;;;199;132.23056;;;;;;199;;;;;;;;199;88.99104
;;;;200;84.2226;;;;;;200;;;;;;;200;105.452286;;;;;;200;85.373634;;;;;;200;132.23056;;;;;;200;179.46068;;;;;;;200;88.32752